Acidianus_hospitalis_W1_uid66875/NC_015518.gbk-            Archaea; Crenarchaeota; Thermoprotei; Sulfolobales; Sulfolobaceae;
Acidilobus_saccharovorans_345_15_uid51395/NC_014374.gbk-            Archaea; Crenarchaeota; Thermoprotei; Acidilobales; Acidilobaceae;
Aciduliprofundum_boonei_T469_uid43333/NC_013926.gbk-            Archaea; Euryarchaeota; Aciduliprofundum.
Aciduliprofundum_MAR08_339_uid184407/NC_019942.gbk-            Archaea; Euryarchaeota; Aciduliprofundum.
Aeropyrum_pernix_K1_uid57757/NC_000854.gbk-            Archaea; Crenarchaeota; Thermoprotei; Desulfurococcales;
Archaeoglobus_fulgidus_DSM_4304_uid57717/NC_000917.gbk-            Archaea; Euryarchaeota; Archaeoglobi; Archaeoglobales;
Archaeoglobus_profundus_DSM_5631_uid43493/NC_013741.gbk-            Archaea; Euryarchaeota; Archaeoglobi; Archaeoglobales;
Archaeoglobus_profundus_DSM_5631_uid43493/NC_013742.gbk-            Archaea; Euryarchaeota; Archaeoglobi; Archaeoglobales;
Archaeoglobus_sulfaticallidus_PM70_1_uid201033/NC_021169.gbk-            Archaea; Euryarchaeota; Archaeoglobi; Archaeoglobales;
Archaeoglobus_veneficus_SNP6_uid65269/NC_015320.gbk-            Archaea; Euryarchaeota; Archaeoglobi; Archaeoglobales;
archaeon_Mx1201_uid196597/NC_020913.gbk-            Archaea; Euryarchaeota; Candidatus Methanomethylophilus.
Caldisphaera_lagunensis_DSM_15908_uid183486/NC_019791.gbk-            Archaea; Crenarchaeota; Thermoprotei; Acidilobales;
Caldivirga_maquilingensis_IC_167_uid58711/NC_009954.gbk-            Archaea; Crenarchaeota; Thermoprotei; Thermoproteales;
Candidatus_Korarchaeum_cryptofilum_OPF8_uid58601/NC_010482.gbk-            Archaea; Korarchaeota; Candidatus Korarchaeum.
Candidatus_Nitrosopumilus_AR2_uid176130/NC_018656.gbk-            Archaea; Thaumarchaeota; Nitrosopumilales; Nitrosopumilaceae;
Candidatus_Nitrosopumilus_koreensis_AR1_uid176129/NC_018655.gbk-            Archaea; Thaumarchaeota; Nitrosopumilales; Nitrosopumilaceae;
Candidatus_Nitrososphaera_gargensis_Ga9_2_uid176707/NC_018719.gbk-            Archaea; Thaumarchaeota; Nitrososphaerales; Nitrososphaeraceae;
Cenarchaeum_symbiosum_A_uid61411/NC_014820.gbk-            Archaea; Thaumarchaeota; Cenarchaeales; Cenarchaeaceae;
Desulfurococcus_fermentans_DSM_16532_uid75119/NC_018001.gbk-            Archaea; Crenarchaeota; Thermoprotei; Desulfurococcales;
Desulfurococcus_kamchatkensis_1221n_uid59133/NC_011766.gbk-            Archaea; Crenarchaeota; Thermoprotei; Desulfurococcales;
Desulfurococcus_mucosus_DSM_2162_uid62227/NC_014961.gbk-            Archaea; Crenarchaeota; Thermoprotei; Desulfurococcales;
Ferroglobus_placidus_DSM_10642_uid40863/NC_013849.gbk-            Archaea; Euryarchaeota; Archaeoglobi; Archaeoglobales;
Fervidicoccus_fontis_Kam940_uid162201/NC_017461.gbk-            Archaea; Crenarchaeota; Thermoprotei; Fervidicoccales;
Halalkalicoccus_jeotgali_B3_uid50305/NC_014297.gbk-            Archaea; Euryarchaeota; Halobacteria; Halobacteriales;
Halalkalicoccus_jeotgali_B3_uid50305/NC_014298.gbk-            Archaea; Euryarchaeota; Halobacteria; Halobacteriales;
Halalkalicoccus_jeotgali_B3_uid50305/NC_014299.gbk-            Archaea; Euryarchaeota; Halobacteria; Halobacteriales;
Halalkalicoccus_jeotgali_B3_uid50305/NC_014300.gbk-            Archaea; Euryarchaeota; Halobacteria; Halobacteriales;
Halalkalicoccus_jeotgali_B3_uid50305/NC_014301.gbk-            Archaea; Euryarchaeota; Halobacteria; Halobacteriales;
Halalkalicoccus_jeotgali_B3_uid50305/NC_014302.gbk-            Archaea; Euryarchaeota; Halobacteria; Halobacteriales;
Halalkalicoccus_jeotgali_B3_uid50305/NC_014303.gbk-            Archaea; Euryarchaeota; Halobacteria; Halobacteriales;
Haloarcula_hispanica_ATCC_33960_uid72475/NC_015943.gbk-            Archaea; Euryarchaeota; Halobacteria; Halobacteriales;
Haloarcula_hispanica_ATCC_33960_uid72475/NC_015944.gbk-            Archaea; Euryarchaeota; Halobacteria; Halobacteriales;
Haloarcula_hispanica_ATCC_33960_uid72475/NC_015948.gbk-            Archaea; Euryarchaeota; Halobacteria; Halobacteriales;
Haloarcula_marismortui_ATCC_43049_uid57719/NC_006389.gbk-            Archaea; Euryarchaeota; Halobacteria; Halobacteriales;
Haloarcula_marismortui_ATCC_43049_uid57719/NC_006390.gbk-            Archaea; Euryarchaeota; Halobacteria; Halobacteriales;
Haloarcula_marismortui_ATCC_43049_uid57719/NC_006391.gbk-            Archaea; Euryarchaeota; Halobacteria; Halobacteriales;
Haloarcula_marismortui_ATCC_43049_uid57719/NC_006392.gbk-            Archaea; Euryarchaeota; Halobacteria; Halobacteriales;
Haloarcula_marismortui_ATCC_43049_uid57719/NC_006393.gbk-            Archaea; Euryarchaeota; Halobacteria; Halobacteriales;
Haloarcula_marismortui_ATCC_43049_uid57719/NC_006394.gbk-            Archaea; Euryarchaeota; Halobacteria; Halobacteriales;
Haloarcula_marismortui_ATCC_43049_uid57719/NC_006395.gbk-            Archaea; Euryarchaeota; Halobacteria; Halobacteriales;
Haloarcula_marismortui_ATCC_43049_uid57719/NC_006396.gbk-            Archaea; Euryarchaeota; Halobacteria; Halobacteriales;
Haloarcula_marismortui_ATCC_43049_uid57719/NC_006397.gbk-            Archaea; Euryarchaeota; Halobacteria; Halobacteriales;
Halobacterium_NRC_1_uid57769/NC_001869.gbk-            Archaea; Euryarchaeota; Halobacteria; Halobacteriales;
Halobacterium_NRC_1_uid57769/NC_002607.gbk-            Archaea; Euryarchaeota; Halobacteria; Halobacteriales;
Halobacterium_NRC_1_uid57769/NC_002608.gbk-            Archaea; Euryarchaeota; Halobacteria; Halobacteriales;
Halobacterium_salinarum_R1_uid61571/NC_010364.gbk-            Archaea; Euryarchaeota; Halobacteria; Halobacteriales;
Halobacterium_salinarum_R1_uid61571/NC_010366.gbk-            Archaea; Euryarchaeota; Halobacteria; Halobacteriales;
Halobacterium_salinarum_R1_uid61571/NC_010367.gbk-            Archaea; Euryarchaeota; Halobacteria; Halobacteriales;
Halobacterium_salinarum_R1_uid61571/NC_010368.gbk-            Archaea; Euryarchaeota; Halobacteria; Halobacteriales;
Halobacterium_salinarum_R1_uid61571/NC_010369.gbk-            Archaea; Euryarchaeota; Halobacteria; Halobacteriales;
Haloferax_mediterranei_ATCC_33500_uid167315/NC_017941.gbk-            Archaea; Euryarchaeota; Halobacteria; Halobacteriales;
Haloferax_mediterranei_ATCC_33500_uid167315/NC_017942.gbk-            Archaea; Euryarchaeota; Halobacteria; Halobacteriales;
Haloferax_mediterranei_ATCC_33500_uid167315/NC_017943.gbk-            Archaea; Euryarchaeota; Halobacteria; Halobacteriales;
Haloferax_mediterranei_ATCC_33500_uid167315/NC_017944.gbk-            Archaea; Euryarchaeota; Halobacteria; Halobacteriales;
Haloferax_volcanii_DS2_uid46845/NC_013964.gbk-            Archaea; Euryarchaeota; Halobacteria; Halobacteriales;
Haloferax_volcanii_DS2_uid46845/NC_013965.gbk-            Archaea; Euryarchaeota; Halobacteria; Halobacteriales;
Haloferax_volcanii_DS2_uid46845/NC_013966.gbk-            Archaea; Euryarchaeota; Halobacteria; Halobacteriales;
Haloferax_volcanii_DS2_uid46845/NC_013967.gbk-            Archaea; Euryarchaeota; Halobacteria; Halobacteriales;
Haloferax_volcanii_DS2_uid46845/NC_013968.gbk-            Archaea; Euryarchaeota; Halobacteria; Halobacteriales;
Halogeometricum_borinquense_DSM_11551_uid54919/NC_014729.gbk-            Archaea; Euryarchaeota; Halobacteria; Halobacteriales;
Halogeometricum_borinquense_DSM_11551_uid54919/NC_014731.gbk-            Archaea; Euryarchaeota; Halobacteria; Halobacteriales;
Halogeometricum_borinquense_DSM_11551_uid54919/NC_014732.gbk-            Archaea; Euryarchaeota; Halobacteria; Halobacteriales;
Halogeometricum_borinquense_DSM_11551_uid54919/NC_014735.gbk-            Archaea; Euryarchaeota; Halobacteria; Halobacteriales;
Halogeometricum_borinquense_DSM_11551_uid54919/NC_014736.gbk-            Archaea; Euryarchaeota; Halobacteria; Halobacteriales;
Halogeometricum_borinquense_DSM_11551_uid54919/NC_014737.gbk-            Archaea; Euryarchaeota; Halobacteria; Halobacteriales;
Halomicrobium_mukohataei_DSM_12286_uid59107/NC_013201.gbk-            Archaea; Euryarchaeota; Halobacteria; Halobacteriales;
Halomicrobium_mukohataei_DSM_12286_uid59107/NC_013202.gbk-            Archaea; Euryarchaeota; Halobacteria; Halobacteriales;
halophilic_archaeon_DL31_uid72619/NC_015954.gbk-            Archaea.
halophilic_archaeon_DL31_uid72619/NC_015955.gbk-            Archaea.
halophilic_archaeon_DL31_uid72619/NC_015959.gbk-            Archaea.
Halopiger_xanaduensis_SH_6_uid68105/NC_015658.gbk-            Archaea; Euryarchaeota; Halobacteria; Halobacteriales;
Halopiger_xanaduensis_SH_6_uid68105/NC_015659.gbk-            Archaea; Euryarchaeota; Halobacteria; Halobacteriales;
Halopiger_xanaduensis_SH_6_uid68105/NC_015666.gbk-            Archaea; Euryarchaeota; Halobacteria; Halobacteriales;
Halopiger_xanaduensis_SH_6_uid68105/NC_015667.gbk-            Archaea; Euryarchaeota; Halobacteria; Halobacteriales;
Haloquadratum_walsbyi_C23_uid162019/NC_017457.gbk-            Archaea; Euryarchaeota; Halobacteria; Halobacteriales;
Haloquadratum_walsbyi_C23_uid162019/NC_017458.gbk-            Archaea; Euryarchaeota; Halobacteria; Halobacteriales;
Haloquadratum_walsbyi_C23_uid162019/NC_017459.gbk-            Archaea; Euryarchaeota; Halobacteria; Halobacteriales;
Haloquadratum_walsbyi_C23_uid162019/NC_017460.gbk-            Archaea; Euryarchaeota; Halobacteria; Halobacteriales;
Haloquadratum_walsbyi_DSM_16790_uid58673/NC_008212.gbk-            Archaea; Euryarchaeota; Halobacteria; Halobacteriales;
Haloquadratum_walsbyi_DSM_16790_uid58673/NC_008213.gbk-            Archaea; Euryarchaeota; Halobacteria; Halobacteriales;
Halorhabdus_utahensis_DSM_12940_uid59189/NC_013158.gbk-            Archaea; Euryarchaeota; Halobacteria; Halobacteriales;
Halorubrum_lacusprofundi_ATCC_49239_uid58807/NC_012028.gbk-            Archaea; Euryarchaeota; Halobacteria; Halobacteriales;
Halorubrum_lacusprofundi_ATCC_49239_uid58807/NC_012029.gbk-            Archaea; Euryarchaeota; Halobacteria; Halobacteriales;
Halorubrum_lacusprofundi_ATCC_49239_uid58807/NC_012030.gbk-            Archaea; Euryarchaeota; Halobacteria; Halobacteriales;
Haloterrigena_turkmenica_DSM_5511_uid43501/NC_013743.gbk-            Archaea; Euryarchaeota; Halobacteria; Halobacteriales;
Haloterrigena_turkmenica_DSM_5511_uid43501/NC_013744.gbk-            Archaea; Euryarchaeota; Halobacteria; Halobacteriales;
Haloterrigena_turkmenica_DSM_5511_uid43501/NC_013745.gbk-            Archaea; Euryarchaeota; Halobacteria; Halobacteriales;
Haloterrigena_turkmenica_DSM_5511_uid43501/NC_013746.gbk-            Archaea; Euryarchaeota; Halobacteria; Halobacteriales;
Haloterrigena_turkmenica_DSM_5511_uid43501/NC_013747.gbk-            Archaea; Euryarchaeota; Halobacteria; Halobacteriales;
Haloterrigena_turkmenica_DSM_5511_uid43501/NC_013748.gbk-            Archaea; Euryarchaeota; Halobacteria; Halobacteriales;
Haloterrigena_turkmenica_DSM_5511_uid43501/NC_013749.gbk-            Archaea; Euryarchaeota; Halobacteria; Halobacteriales;
Halovivax_ruber_XH_70_uid184819/NC_019964.gbk-            Archaea; Euryarchaeota; Halobacteria; Halobacteriales;
Hyperthermus_butylicus_DSM_5456_uid57755/NC_008818.gbk-            Archaea; Crenarchaeota; Thermoprotei; Desulfurococcales;
Ignicoccus_hospitalis_KIN4_I_uid58365/NC_009776.gbk-            Archaea; Crenarchaeota; Thermoprotei; Desulfurococcales;
Ignisphaera_aggregans_DSM_17230_uid51875/NC_014471.gbk-            Archaea; Crenarchaeota; Thermoprotei; Desulfurococcales;
Metallosphaera_cuprina_Ar_4_uid66329/NC_015435.gbk-            Archaea; Crenarchaeota; Thermoprotei; Sulfolobales; Sulfolobaceae;
Metallosphaera_sedula_DSM_5348_uid58717/NC_009440.gbk-            Archaea; Crenarchaeota; Thermoprotei; Sulfolobales; Sulfolobaceae;
Methanobacterium_AL_21_uid63623/NC_015216.gbk-            Archaea; Euryarchaeota; Methanobacteria; Methanobacteriales;
Methanobacterium_SWAN_1_uid67359/NC_015574.gbk-            Archaea; Euryarchaeota; Methanobacteria; Methanobacteriales;
Methanobrevibacter_ruminantium_M1_uid45857/NC_013790.gbk-            Archaea; Euryarchaeota; Methanobacteria; Methanobacteriales;
Methanobrevibacter_smithii_ATCC_35061_uid58827/NC_009515.gbk-            Archaea; Euryarchaeota; Methanobacteria; Methanobacteriales;
Methanocaldococcus_fervens_AG86_uid59347/NC_013156.gbk-            Archaea; Euryarchaeota; Methanococci; Methanococcales;
Methanocaldococcus_fervens_AG86_uid59347/NC_013157.gbk-            Archaea; Euryarchaeota; Methanococci; Methanococcales;
Methanocaldococcus_FS406_22_uid42499/NC_013887.gbk-            Archaea; Euryarchaeota; Methanococci; Methanococcales;
Methanocaldococcus_FS406_22_uid42499/NC_013888.gbk-            Archaea; Euryarchaeota; Methanococci; Methanococcales;
Methanocaldococcus_infernus_ME_uid48803/NC_014122.gbk-            Archaea; Euryarchaeota; Methanococci; Methanococcales;
Methanocaldococcus_jannaschii_DSM_2661_uid57713/NC_000909.gbk-            Archaea; Euryarchaeota; Methanococci; Methanococcales;
Methanocaldococcus_jannaschii_DSM_2661_uid57713/NC_001732.gbk-            Archaea; Euryarchaeota; Methanococci; Methanococcales;
Methanocaldococcus_jannaschii_DSM_2661_uid57713/NC_001733.gbk-            Archaea; Euryarchaeota; Methanococci; Methanococcales;
Methanocaldococcus_vulcanius_M7_uid41131/NC_013407.gbk-            Archaea; Euryarchaeota; Methanococci; Methanococcales;
Methanocaldococcus_vulcanius_M7_uid41131/NC_013408.gbk-            Archaea; Euryarchaeota; Methanococci; Methanococcales;
Methanocaldococcus_vulcanius_M7_uid41131/NC_013409.gbk-            Archaea; Euryarchaeota; Methanococci; Methanococcales;
Methanocella_arvoryzae_MRE50_uid61623/NC_009464.gbk-            Archaea; Euryarchaeota; Methanomicrobia; Methanocellales;
Methanocella_conradii_HZ254_uid157911/NC_017034.gbk-            Archaea; Euryarchaeota; Methanomicrobia; Methanocellales;
Methanocella_paludicola_SANAE_uid42887/NC_013665.gbk-            Archaea; Euryarchaeota; Methanomicrobia; Methanocellales;
Methanococcoides_burtonii_DSM_6242_uid58023/NC_007955.gbk-            Archaea; Euryarchaeota; Methanomicrobia; Methanosarcinales;
Methanococcus_aeolicus_Nankai_3_uid58823/NC_009635.gbk-            Archaea; Euryarchaeota; Methanococci; Methanococcales;
Methanococcus_maripaludis_C5_uid58741/NC_009135.gbk-            Archaea; Euryarchaeota; Methanococci; Methanococcales;
Methanococcus_maripaludis_C5_uid58741/NC_009136.gbk-            Archaea; Euryarchaeota; Methanococci; Methanococcales;
Methanococcus_maripaludis_C6_uid58947/NC_009975.gbk-            Archaea; Euryarchaeota; Methanococci; Methanococcales;
Methanococcus_maripaludis_C7_uid58847/NC_009637.gbk-            Archaea; Euryarchaeota; Methanococci; Methanococcales;
Methanococcus_maripaludis_S2_uid58035/NC_005791.gbk-            Archaea; Euryarchaeota; Methanococci; Methanococcales;
Methanococcus_maripaludis_X1_uid70729/NC_015847.gbk-            Archaea; Euryarchaeota; Methanococci; Methanococcales;
Methanococcus_vannielii_SB_uid58767/NC_009634.gbk-            Archaea; Euryarchaeota; Methanococci; Methanococcales;
Methanococcus_voltae_A3_uid49529/NC_014222.gbk-            Archaea; Euryarchaeota; Methanococci; Methanococcales;
Methanocorpusculum_labreanum_Z_uid58785/NC_008942.gbk-            Archaea; Euryarchaeota; Methanomicrobia; Methanomicrobiales;
Methanoculleus_bourgensis_MS2_uid171377/NC_018227.gbk-            Archaea; Euryarchaeota; Methanomicrobia; Methanomicrobiales;
Methanoculleus_marisnigri_JR1_uid58561/NC_009051.gbk-            Archaea; Euryarchaeota; Methanomicrobia; Methanomicrobiales;
Methanohalobium_evestigatum_Z_7303_uid49857/NC_014253.gbk-            Archaea; Euryarchaeota; Methanomicrobia; Methanosarcinales;
Methanohalobium_evestigatum_Z_7303_uid49857/NC_014254.gbk-            Archaea; Euryarchaeota; Methanomicrobia; Methanosarcinales;
Methanohalophilus_mahii_DSM_5219_uid47313/NC_014002.gbk-            Archaea; Euryarchaeota; Methanomicrobia; Methanosarcinales;
Methanolobus_psychrophilus_R15_uid177925/NC_018876.gbk-            Archaea; Euryarchaeota; Methanomicrobia; Methanosarcinales;
Methanomethylovorans_hollandica_DSM_15978_uid184864/NC_019972.gbk-            Archaea; Euryarchaeota; Methanomicrobia; Methanosarcinales;
Methanomethylovorans_hollandica_DSM_15978_uid184864/NC_019977.gbk-            Archaea; Euryarchaeota; Methanomicrobia; Methanosarcinales;
Methanoplanus_petrolearius_DSM_11571_uid52695/NC_014507.gbk-            Archaea; Euryarchaeota; Methanomicrobia; Methanomicrobiales;
Methanopyrus_kandleri_AV19_uid57883/NC_003551.gbk-            Archaea; Euryarchaeota; Methanopyri; Methanopyrales;
Methanoregula_boonei_6A8_uid58815/NC_009712.gbk-            Archaea; Euryarchaeota; Methanomicrobia; Methanomicrobiales;
Methanoregula_formicicum_SMSP_uid184406/NC_019943.gbk-            Archaea; Euryarchaeota; Methanomicrobia; Methanomicrobiales;
Methanosaeta_concilii_GP6_uid66207/NC_015416.gbk-            Archaea; Euryarchaeota; Methanomicrobia; Methanosarcinales;
Methanosaeta_concilii_GP6_uid66207/NC_015430.gbk-            Archaea; Euryarchaeota; Methanomicrobia; Methanosarcinales;
Methanosaeta_harundinacea_6Ac_uid81199/NC_016637.gbk-            Archaea; Euryarchaeota; Methanomicrobia; Methanosarcinales;
Methanosaeta_harundinacea_6Ac_uid81199/NC_017527.gbk-            Archaea; Euryarchaeota; Methanomicrobia; Methanosarcinales;
Methanosaeta_thermophila_PT_uid58469/NC_008553.gbk-            Archaea; Euryarchaeota; Methanomicrobia; Methanosarcinales;
Methanosalsum_zhilinae_DSM_4017_uid68249/NC_015676.gbk-            Archaea; Euryarchaeota; Methanomicrobia; Methanosarcinales;
Methanosarcina_acetivorans_C2A_uid57879/NC_003552.gbk-            Archaea; Euryarchaeota; Methanomicrobia; Methanosarcinales;
Methanosarcina_barkeri_Fusaro_uid57715/NC_007349.gbk-            Archaea; Euryarchaeota; Methanomicrobia; Methanosarcinales;
Methanosarcina_barkeri_Fusaro_uid57715/NC_007355.gbk-            Archaea; Euryarchaeota; Methanomicrobia; Methanosarcinales;
Methanosarcina_mazei_Go1_uid57893/NC_003901.gbk-            Archaea; Euryarchaeota; Methanomicrobia; Methanosarcinales;
Methanosarcina_mazei_Tuc01_uid190185/NC_020389.gbk-            Archaea; Euryarchaeota; Methanomicrobia; Methanosarcinales;
Methanosphaera_stadtmanae_DSM_3091_uid58407/NC_007681.gbk-            Archaea; Euryarchaeota; Methanobacteria; Methanobacteriales;
Methanosphaerula_palustris_E1_9c_uid59193/NC_011832.gbk-            Archaea; Euryarchaeota; Methanomicrobia; Methanomicrobiales;
Methanospirillum_hungatei_JF_1_uid58181/NC_007796.gbk-            Archaea; Euryarchaeota; Methanomicrobia; Methanomicrobiales;
Methanothermobacter_marburgensis_Marburg_uid51637/NC_014408.gbk-            Archaea; Euryarchaeota; Methanobacteria; Methanobacteriales;
Methanothermobacter_marburgensis_Marburg_uid51637/NC_014409.gbk-            Archaea; Euryarchaeota; Methanobacteria; Methanobacteriales;
Methanothermobacter_thermautotrophicus_Delta_H_uid57877/NC_000916.gbk-            Archaea; Euryarchaeota; Methanobacteria; Methanobacteriales;
Methanothermococcus_okinawensis_IH1_uid51535/NC_015632.gbk-            Archaea; Euryarchaeota; Methanococci; Methanococcales;
Methanothermococcus_okinawensis_IH1_uid51535/NC_015636.gbk-            Archaea; Euryarchaeota; Methanococci; Methanococcales;
Methanothermus_fervidus_DSM_2088_uid60167/NC_014658.gbk-            Archaea; Euryarchaeota; Methanobacteria; Methanobacteriales;
Methanotorris_igneus_Kol_5_uid67321/NC_015562.gbk-            Archaea; Euryarchaeota; Methanococci; Methanococcales;
Nanoarchaeum_equitans_Kin4_M_uid58009/NC_005213.gbk-            Archaea; Nanoarchaeota; Nanoarchaeum.
Natrialba_magadii_ATCC_43099_uid46245/NC_013922.gbk-            Archaea; Euryarchaeota; Halobacteria; Halobacteriales;
Natrialba_magadii_ATCC_43099_uid46245/NC_013923.gbk-            Archaea; Euryarchaeota; Halobacteria; Halobacteriales;
Natrialba_magadii_ATCC_43099_uid46245/NC_013924.gbk-            Archaea; Euryarchaeota; Halobacteria; Halobacteriales;
Natrialba_magadii_ATCC_43099_uid46245/NC_013925.gbk-            Archaea; Euryarchaeota; Halobacteria; Halobacteriales;
Natrinema_J7_uid171337/NC_018224.gbk-            Archaea; Euryarchaeota; Halobacteria; Halobacteriales;
Natrinema_J7_uid171337/NC_018225.gbk-            Archaea; Euryarchaeota; Halobacteria; Halobacteriales;
Natrinema_pellirubrum_DSM_15624_uid74437/NC_019962.gbk-            Archaea; Euryarchaeota; Halobacteria; Halobacteriales;
Natrinema_pellirubrum_DSM_15624_uid74437/NC_019963.gbk-            Archaea; Euryarchaeota; Halobacteria; Halobacteriales;
Natrinema_pellirubrum_DSM_15624_uid74437/NC_019967.gbk-            Archaea; Euryarchaeota; Halobacteria; Halobacteriales;
Natronobacterium_gregoryi_SP2_uid74439/NC_019792.gbk-            Archaea; Euryarchaeota; Halobacteria; Halobacteriales;
Natronococcus_occultus_SP4_uid184863/NC_019974.gbk-            Archaea; Euryarchaeota; Halobacteria; Halobacteriales;
Natronococcus_occultus_SP4_uid184863/NC_019975.gbk-            Archaea; Euryarchaeota; Halobacteria; Halobacteriales;
Natronococcus_occultus_SP4_uid184863/NC_019976.gbk-            Archaea; Euryarchaeota; Halobacteria; Halobacteriales;
Natronomonas_moolapensis_8_8_11_uid190182/NC_020388.gbk-            Archaea; Euryarchaeota; Halobacteria; Halobacteriales;
Natronomonas_pharaonis_DSM_2160_uid58435/NC_007426.gbk-            Archaea; Euryarchaeota; Halobacteria; Halobacteriales;
Natronomonas_pharaonis_DSM_2160_uid58435/NC_007427.gbk-            Archaea; Euryarchaeota; Halobacteria; Halobacteriales;
Natronomonas_pharaonis_DSM_2160_uid58435/NC_007428.gbk-            Archaea; Euryarchaeota; Halobacteria; Halobacteriales;
Nitrosopumilus_maritimus_SCM1_uid58903/NC_010085.gbk-            Archaea; Thaumarchaeota; Nitrosopumilales; Nitrosopumilaceae;
Picrophilus_torridus_DSM_9790_uid58041/NC_005877.gbk-            Archaea; Euryarchaeota; Thermoplasmata; Thermoplasmatales;
Pyrobaculum_1860_uid82379/NC_016645.gbk-            Archaea; Crenarchaeota; Thermoprotei; Thermoproteales;
Pyrobaculum_aerophilum_IM2_uid57727/NC_003364.gbk-            Archaea; Crenarchaeota; Thermoprotei; Thermoproteales;
Pyrobaculum_arsenaticum_DSM_13514_uid58409/NC_009376.gbk-            Archaea; Crenarchaeota; Thermoprotei; Thermoproteales;
Pyrobaculum_calidifontis_JCM_11548_uid58787/NC_009073.gbk-            Archaea; Crenarchaeota; Thermoprotei; Thermoproteales;
Pyrobaculum_islandicum_DSM_4184_uid58635/NC_008701.gbk-            Archaea; Crenarchaeota; Thermoprotei; Thermoproteales;
Pyrobaculum_neutrophilum_V24Sta_uid58421/NC_010525.gbk-            Archaea; Crenarchaeota; Thermoprotei; Thermoproteales;
Pyrobaculum_oguniense_TE7_uid84411/NC_016885.gbk-            Archaea; Crenarchaeota; Thermoprotei; Thermoproteales;
Pyrobaculum_oguniense_TE7_uid84411/NC_016886.gbk-            Archaea; Crenarchaeota; Thermoprotei; Thermoproteales;
Pyrococcus_abyssi_GE5_uid62903/NC_000868.gbk-            Archaea; Euryarchaeota; Thermococci; Thermococcales;
Pyrococcus_abyssi_GE5_uid62903/NC_001773.gbk-            Archaea; Euryarchaeota; Thermococci; Thermococcales;
Pyrococcus_furiosus_COM1_uid169620/NC_018092.gbk-            Archaea; Euryarchaeota; Thermococci; Thermococcales;
Pyrococcus_furiosus_DSM_3638_uid57873/NC_003413.gbk-            Archaea; Euryarchaeota; Thermococci; Thermococcales;
Pyrococcus_horikoshii_OT3_uid57753/NC_000961.gbk-            Archaea; Euryarchaeota; Thermococci; Thermococcales;
Pyrococcus_NA2_uid66551/NC_015474.gbk-            Archaea; Euryarchaeota; Thermococci; Thermococcales;
Pyrococcus_ST04_uid167261/NC_017946.gbk-            Archaea; Euryarchaeota; Thermococci; Thermococcales;
Pyrococcus_yayanosii_CH1_uid68281/NC_015680.gbk-            Archaea; Euryarchaeota; Thermococci; Thermococcales;
Pyrolobus_fumarii_1A_uid73415/NC_015931.gbk-            Archaea; Crenarchaeota; Thermoprotei; Desulfurococcales;
Staphylothermus_hellenicus_DSM_12710_uid45893/NC_014205.gbk-            Archaea; Crenarchaeota; Thermoprotei; Desulfurococcales;
Staphylothermus_marinus_F1_uid58719/NC_009033.gbk-            Archaea; Crenarchaeota; Thermoprotei; Desulfurococcales;
Sulfolobus_acidocaldarius_DSM_639_uid58379/NC_007181.gbk-            Archaea; Crenarchaeota; Thermoprotei; Sulfolobales; Sulfolobaceae;
Sulfolobus_acidocaldarius_N8_uid189027/NC_020246.gbk-            Archaea; Crenarchaeota; Thermoprotei; Sulfolobales; Sulfolobaceae;
Sulfolobus_acidocaldarius_Ron12_I_uid189028/NC_020247.gbk-            Archaea; Crenarchaeota; Thermoprotei; Sulfolobales; Sulfolobaceae;
Sulfolobus_islandicus_HVE10_4_uid162067/NC_017275.gbk-            Archaea; Crenarchaeota; Thermoprotei; Sulfolobales; Sulfolobaceae;
Sulfolobus_islandicus_LAL14_1_uid197216/NC_021058.gbk-            Archaea; Crenarchaeota; Thermoprotei; Sulfolobales; Sulfolobaceae;
Sulfolobus_islandicus_L_D_8_5_uid43679/NC_013769.gbk-            Archaea; Crenarchaeota; Thermoprotei; Sulfolobales; Sulfolobaceae;
Sulfolobus_islandicus_L_D_8_5_uid43679/NC_013770.gbk-            Archaea; Crenarchaeota; Thermoprotei; Sulfolobales; Sulfolobaceae;
Sulfolobus_islandicus_L_S_2_15_uid58871/NC_012589.gbk-            Archaea; Crenarchaeota; Thermoprotei; Sulfolobales; Sulfolobaceae;
Sulfolobus_islandicus_M_14_25_uid58849/NC_012588.gbk-            Archaea; Crenarchaeota; Thermoprotei; Sulfolobales; Sulfolobaceae;
Sulfolobus_islandicus_M_16_27_uid58851/NC_012632.gbk-            Archaea; Crenarchaeota; Thermoprotei; Sulfolobales; Sulfolobaceae;
Sulfolobus_islandicus_M_16_4_uid58841/NC_012726.gbk-            Archaea; Crenarchaeota; Thermoprotei; Sulfolobales; Sulfolobaceae;
Sulfolobus_islandicus_REY15A_uid162071/NC_017276.gbk-            Archaea; Crenarchaeota; Thermoprotei; Sulfolobales; Sulfolobaceae;
Sulfolobus_islandicus_Y_G_57_14_uid58923/NC_012622.gbk-            Archaea; Crenarchaeota; Thermoprotei; Sulfolobales; Sulfolobaceae;
Sulfolobus_islandicus_Y_N_15_51_uid58825/NC_012623.gbk-            Archaea; Crenarchaeota; Thermoprotei; Sulfolobales; Sulfolobaceae;
Sulfolobus_islandicus_Y_N_15_51_uid58825/NC_012624.gbk-            Archaea; Crenarchaeota; Thermoprotei; Sulfolobales; Sulfolobaceae;
Sulfolobus_solfataricus_98_2_uid167998/NC_017274.gbk-            Archaea; Crenarchaeota; Thermoprotei; Sulfolobales; Sulfolobaceae;
Sulfolobus_solfataricus_P2_uid57721/NC_002754.gbk-            Archaea; Crenarchaeota; Thermoprotei; Sulfolobales; Sulfolobaceae;
Sulfolobus_tokodaii_7_uid57807/NC_003106.gbk-            Archaea; Crenarchaeota; Thermoprotei; Sulfolobales; Sulfolobaceae;
Thermococcus_4557_uid70841/NC_015865.gbk-            Archaea; Euryarchaeota; Thermococci; Thermococcales;
Thermococcus_AM4_uid54735/NC_016051.gbk-            Archaea; Euryarchaeota; Thermococci; Thermococcales;
Thermococcus_barophilus_MP_uid54733/NC_014804.gbk-            Archaea; Euryarchaeota; Thermococci; Thermococcales;
Thermococcus_barophilus_MP_uid54733/NC_015471.gbk-            Archaea; Euryarchaeota; Thermococci; Thermococcales;
Thermococcus_CL1_uid168259/NC_018015.gbk-            Archaea; Euryarchaeota; Thermococci; Thermococcales;
Thermococcus_gammatolerans_EJ3_uid59389/NC_012804.gbk-            Archaea; Euryarchaeota; Thermococci; Thermococcales;
Thermococcus_kodakarensis_KOD1_uid58225/NC_006624.gbk-            Archaea; Euryarchaeota; Thermococci; Thermococcales;
Thermococcus_onnurineus_NA1_uid59043/NC_011529.gbk-            Archaea; Euryarchaeota; Thermococci; Thermococcales;
Thermococcus_sibiricus_MM_739_uid59399/NC_012883.gbk-            Archaea; Euryarchaeota; Thermococci; Thermococcales;
Thermofilum_pendens_Hrk_5_uid58563/NC_008696.gbk-            Archaea; Crenarchaeota; Thermoprotei; Thermoproteales;
Thermofilum_pendens_Hrk_5_uid58563/NC_008698.gbk-            Archaea; Crenarchaeota; Thermoprotei; Thermoproteales;
Thermogladius_1633_uid167488/NC_017954.gbk-            Archaea; Crenarchaeota; Thermoprotei; Desulfurococcales;
Thermoplasma_acidophilum_DSM_1728_uid61573/NC_002578.gbk-            Archaea; Euryarchaeota; Thermoplasmata; Thermoplasmatales;
Thermoplasmatales_archaeon_BRNA1_uid195930/NC_020892.gbk-            Archaea; Euryarchaeota; Thermoplasmata; Thermoplasmatales.
Thermoplasma_volcanium_GSS1_uid57751/NC_002689.gbk-            Archaea; Euryarchaeota; Thermoplasmata; Thermoplasmatales;
Thermoproteus_tenax_Kra_1_uid74443/NC_016070.gbk-            Archaea; Crenarchaeota; Thermoprotei; Thermoproteales;
Thermoproteus_uzoniensis_768_20_uid65089/NC_015315.gbk-            Archaea; Crenarchaeota; Thermoprotei; Thermoproteales;
Thermosphaera_aggregans_DSM_11486_uid48993/NC_014160.gbk-            Archaea; Crenarchaeota; Thermoprotei; Desulfurococcales;
Vulcanisaeta_distributa_DSM_14429_uid52827/NC_014537.gbk-            Archaea; Crenarchaeota; Thermoprotei; Thermoproteales;
Vulcanisaeta_moutnovskia_768_28_uid63631/NC_015151.gbk-            Archaea; Crenarchaeota; Thermoprotei; Thermoproteales;
